{"tid":1479239,"type":"sell","date":1510564288,"amount":0.02577971,"price":5586.26360000}
{"tid":1479240,"type":"sell","date":1510564288,"amount":0.05422029,"price":5585.26360000}
{"tid":1479241,"type":"buy","date":1510564359,"amount":0.02499956,"price":5688.50000000}
{"tid":1479242,"type":"sell","date":1510564373,"amount":0.03274118,"price":5590.00000000}
{"tid":1479243,"type":"sell","date":1510564373,"amount":0.02577381,"price":5585.35720000}
{"tid":1479244,"type":"sell","date":1510564382,"amount":0.06714000,"price":5585.31970000}
{"tid":1479245,"type":"sell","date":1510564382,"amount":0.03005500,"price":5585.31950000}
{"tid":1479246,"type":"sell","date":1510564382,"amount":0.09788264,"price":5585.26370000}
{"tid":1479247,"type":"sell","date":1510564384,"amount":0.05852267,"price":5585.26370000}
{"tid":1479248,"type":"sell","date":1510564387,"amount":0.06714100,"price":5585.26390000}
{"tid":1479249,"type":"sell","date":1510564387,"amount":0.04359469,"price":5585.26370000}
{"tid":1479250,"type":"sell","date":1510564387,"amount":0.00632743,"price":5556.03260000}
{"tid":1479251,"type":"sell","date":1510564541,"amount":0.16064018,"price":5556.26880000}
{"tid":1479252,"type":"sell","date":1510564541,"amount":0.02093132,"price":5556.26880000}
{"tid":1479253,"type":"sell","date":1510564541,"amount":0.14636799,"price":5556.26880000}
{"tid":1479254,"type":"buy","date":1510564541,"amount":0.09437091,"price":5556.26880000}
{"tid":1479255,"type":"sell","date":1510564541,"amount":0.02035719,"price":5556.26880000}
{"tid":1479256,"type":"sell","date":1510564541,"amount":0.02049037,"price":5556.26880000}
{"tid":1479257,"type":"sell","date":1510564541,"amount":0.19860522,"price":5556.26880000}
{"tid":1479258,"type":"sell","date":1510564542,"amount":0.01784831,"price":5556.26880000}
{"tid":1479259,"type":"sell","date":1510564620,"amount":0.02460000,"price":5556.32460000}
{"tid":1479260,"type":"sell","date":1510564620,"amount":0.06749100,"price":5556.26900000}
{"tid":1479261,"type":"sell","date":1510564620,"amount":0.03500000,"price":5555.00600000}
{"tid":1479262,"type":"sell","date":1510564620,"amount":0.06954502,"price":5550.00500000}
{"tid":1479263,"type":"sell","date":1510564622,"amount":0.19659244,"price":5550.00500000}
{"tid":1479264,"type":"sell","date":1510564623,"amount":0.19643246,"price":5550.01010000}
{"tid":1479265,"type":"sell","date":1510564624,"amount":0.19643248,"price":5550.01010000}
{"tid":1479266,"type":"sell","date":1510564626,"amount":0.05893220,"price":5550.01010000}
{"tid":1479267,"type":"sell","date":1510564634,"amount":0.03928711,"price":5556.18370000}
{"tid":1479268,"type":"buy","date":1510564637,"amount":0.05000000,"price":5682.49860000}
{"tid":1479269,"type":"buy","date":1510564637,"amount":0.13428100,"price":5683.49860000}
{"tid":1479270,"type":"buy","date":1510564637,"amount":0.16288382,"price":5683.49880000}
{"tid":1479271,"type":"buy","date":1510564773,"amount":0.06749100,"price":5646.99900000}
{"tid":1479272,"type":"buy","date":1510564773,"amount":0.02500044,"price":5646.99920000}
{"tid":1479273,"type":"buy","date":1510564773,"amount":0.04084190,"price":5647.99920000}
{"tid":1479274,"type":"buy","date":1510564884,"amount":0.20000000,"price":5649.05590000}
{"tid":1479275,"type":"buy","date":1510564884,"amount":0.10400000,"price":5649.05600000}
{"tid":1479276,"type":"buy","date":1510564884,"amount":0.03172800,"price":5649.11250000}
{"tid":1479277,"type":"buy","date":1510564884,"amount":0.02000000,"price":5650.00000000}
{"tid":1479278,"type":"buy","date":1510564884,"amount":0.01000000,"price":5698.90000000}
{"tid":1479279,"type":"buy","date":1510564884,"amount":0.02216406,"price":5700.00000000}
{"tid":1479280,"type":"buy","date":1510564884,"amount":0.01000000,"price":5700.00000000}
{"tid":1479281,"type":"buy","date":1510564884,"amount":0.36004073,"price":5709.98940000}
{"tid":1479282,"type":"buy","date":1510564884,"amount":0.71794000,"price":5709.98950000}
{"tid":1479283,"type":"buy","date":1510564884,"amount":0.02070619,"price":5710.00000000}
{"tid":1479284,"type":"buy","date":1510564884,"amount":0.66314464,"price":5711.62800000}
{"tid":1479285,"type":"sell","date":1510564967,"amount":0.04157500,"price":5574.40650000}
{"tid":1479286,"type":"sell","date":1510564989,"amount":0.06720400,"price":5580.00020000}
{"tid":1479287,"type":"sell","date":1510564989,"amount":0.01000000,"price":5580.00000000}
{"tid":1479288,"type":"sell","date":1510564989,"amount":0.07679600,"price":5574.43150000}
{"tid":1479289,"type":"sell","date":1510565088,"amount":0.13279700,"price":5574.57270000}
{"tid":1479290,"type":"sell","date":1510565275,"amount":0.29189828,"price":5577.73070000}
{"tid":1479291,"type":"sell","date":1510565275,"amount":0.06810172,"price":5577.73060000}
{"tid":1479292,"type":"buy","date":1510565517,"amount":0.04157500,"price":5633.99650000}
{"tid":1479293,"type":"buy","date":1510565517,"amount":0.06720400,"price":5634.99650000}
{"tid":1479294,"type":"buy","date":1510565517,"amount":0.10535576,"price":5635.99660000}
{"tid":1479295,"type":"buy","date":1510565517,"amount":0.02000000,"price":5637.46950000}
{"tid":1479296,"type":"buy","date":1510565517,"amount":0.03176400,"price":5638.05400000}
{"tid":1479297,"type":"buy","date":1510565517,"amount":0.15300000,"price":5649.99990000}
{"tid":1479298,"type":"buy","date":1510565517,"amount":0.02000000,"price":5650.00000000}
{"tid":1479299,"type":"buy","date":1510565517,"amount":0.01000000,"price":5719.01000000}
{"tid":1479300,"type":"buy","date":1510565517,"amount":0.02980338,"price":5720.00000000}
{"tid":1479301,"type":"buy","date":1510565517,"amount":0.36869428,"price":5742.93990000}
{"tid":1479302,"type":"buy","date":1510565517,"amount":1.07110817,"price":5742.94000000}
{"tid":1479303,"type":"sell","date":1510565553,"amount":0.04950000,"price":5592.77820000}
{"tid":1479304,"type":"buy","date":1510565569,"amount":0.03173319,"price":5742.88250000}
{"tid":1479305,"type":"sell","date":1510565744,"amount":0.17500000,"price":5602.00020000}
{"tid":1479306,"type":"sell","date":1510565880,"amount":0.09900000,"price":5615.00290000}
{"tid":1479307,"type":"sell","date":1510565892,"amount":0.01500000,"price":5620.00000000}
{"tid":1479308,"type":"sell","date":1510565892,"amount":0.00477541,"price":5615.01220000}
{"tid":1479309,"type":"sell","date":1510565925,"amount":0.01975267,"price":5625.00000000}
{"tid":1479310,"type":"buy","date":1510565933,"amount":0.04950000,"price":5699.95690000}
{"tid":1479311,"type":"buy","date":1510565933,"amount":0.02000000,"price":5700.00000000}
{"tid":1479312,"type":"buy","date":1510565933,"amount":0.03188000,"price":5700.01390000}
{"tid":1479313,"type":"buy","date":1510565933,"amount":0.07504357,"price":5742.92970000}
{"tid":1479314,"type":"sell","date":1510565953,"amount":0.02256488,"price":5626.05660000}
{"tid":1479315,"type":"sell","date":1510566181,"amount":0.06641700,"price":5646.11610000}
{"tid":1479316,"type":"sell","date":1510566181,"amount":0.03258300,"price":5646.11590000}
{"tid":1479317,"type":"buy","date":1510566415,"amount":0.01639473,"price":5699.99980000}
{"tid":1479318,"type":"sell","date":1510566477,"amount":0.10000000,"price":5677.25930000}
{"tid":1479319,"type":"sell","date":1510566477,"amount":0.00478862,"price":5676.25940000}
{"tid":1479320,"type":"buy","date":1510566541,"amount":0.01160185,"price":5699.95000000}
{"tid":1479321,"type":"buy","date":1510566654,"amount":0.05000000,"price":5687.99940000}
{"tid":1479322,"type":"buy","date":1510566654,"amount":0.02000000,"price":5690.00000000}
{"tid":1479323,"type":"buy","date":1510566654,"amount":0.06833594,"price":5690.12440000}
{"tid":1479324,"type":"buy","date":1510566733,"amount":0.07258700,"price":5688.99590000}
{"tid":1479325,"type":"buy","date":1510566733,"amount":0.00050702,"price":5699.94980000}
{"tid":1479326,"type":"sell","date":1510566865,"amount":0.14083426,"price":5684.05760000}
{"tid":1479327,"type":"sell","date":1510566892,"amount":0.02000000,"price":5684.05760000}
{"tid":1479328,"type":"buy","date":1510566902,"amount":0.02000000,"price":5689.99850000}
{"tid":1479329,"type":"buy","date":1510566902,"amount":0.12800000,"price":5699.94970000}
{"tid":1479330,"type":"buy","date":1510566902,"amount":0.00533162,"price":5699.94980000}
{"tid":1479331,"type":"buy","date":1510566933,"amount":0.02000000,"price":5689.99710000}
{"tid":1479332,"type":"buy","date":1510566952,"amount":0.02000000,"price":5689.99720000}
{"tid":1479333,"type":"buy","date":1510567060,"amount":0.02000000,"price":5700.05520000}
{"tid":1479334,"type":"buy","date":1510567060,"amount":0.02000000,"price":5700.05530000}
{"tid":1479335,"type":"buy","date":1510567060,"amount":0.03186000,"price":5700.05680000}
{"tid":1479336,"type":"buy","date":1510567060,"amount":0.01760000,"price":5754.99200000}
{"tid":1479337,"type":"buy","date":1510567060,"amount":0.01736332,"price":5759.26590000}
{"tid":1479338,"type":"buy","date":1510567060,"amount":0.01500000,"price":5774.80000000}
{"tid":1479339,"type":"buy","date":1510567060,"amount":0.03803547,"price":5777.17920000}
{"tid":1479340,"type":"buy","date":1510567060,"amount":0.03941073,"price":5798.45420000}
{"tid":1479341,"type":"buy","date":1510567060,"amount":0.04258884,"price":5819.45640000}
{"tid":1479342,"type":"buy","date":1510567060,"amount":0.05256301,"price":5823.32380000}
{"tid":1479343,"type":"buy","date":1510567060,"amount":0.04738408,"price":5836.41200000}
{"tid":1479344,"type":"buy","date":1510567060,"amount":0.04597606,"price":5837.84250000}
{"tid":1479345,"type":"buy","date":1510567060,"amount":0.01975267,"price":5840.00000000}
{"tid":1479346,"type":"buy","date":1510567060,"amount":0.16561000,"price":5843.99550000}
{"tid":1479347,"type":"buy","date":1510567060,"amount":0.06400000,"price":5843.99810000}
{"tid":1479348,"type":"buy","date":1510567060,"amount":0.32000000,"price":5844.00000000}
{"tid":1479349,"type":"buy","date":1510567060,"amount":0.04285555,"price":5847.31690000}
{"tid":1479350,"type":"sell","date":1510567066,"amount":0.06614600,"price":5669.24920000}
{"tid":1479351,"type":"sell","date":1510567066,"amount":0.05016400,"price":5669.24900000}
{"tid":1479352,"type":"sell","date":1510567066,"amount":0.13369000,"price":5640.50830000}
{"tid":1479353,"type":"buy","date":1510567103,"amount":0.02039630,"price":5700.05300000}
{"tid":1479354,"type":"buy","date":1510567216,"amount":0.02000000,"price":5700.05330000}
{"tid":1479355,"type":"buy","date":1510567216,"amount":0.02000000,"price":5700.05380000}
{"tid":1479356,"type":"buy","date":1510567216,"amount":0.04157955,"price":5754.99190000}
{"tid":1479357,"type":"buy","date":1510567236,"amount":0.02000000,"price":5754.99100000}
{"tid":1479358,"type":"buy","date":1510567236,"amount":0.01085144,"price":5754.99190000}
{"tid":1479359,"type":"buy","date":1510567237,"amount":0.01979797,"price":5754.99100000}
{"tid":1479360,"type":"sell","date":1510567286,"amount":0.09900000,"price":5720.00720000}
{"tid":1479361,"type":"sell","date":1510567316,"amount":0.26746691,"price":5723.01740000}
{"tid":1479362,"type":"buy","date":1510567321,"amount":0.01998997,"price":5754.93130000}
{"tid":1479363,"type":"buy","date":1510567381,"amount":0.04575000,"price":5754.93110000}
{"tid":1479364,"type":"sell","date":1510567393,"amount":0.01384410,"price":5740.00720000}
{"tid":1479365,"type":"buy","date":1510567411,"amount":0.01000000,"price":5750.00000000}
{"tid":1479366,"type":"buy","date":1510567415,"amount":0.03178200,"price":5754.98860000}
{"tid":1479367,"type":"buy","date":1510567449,"amount":0.14756901,"price":5754.99190000}
{"tid":1479368,"type":"buy","date":1510567449,"amount":0.02613173,"price":5845.00000000}
{"tid":1479369,"type":"sell","date":1510567469,"amount":0.09900000,"price":5754.90000000}
{"tid":1479370,"type":"buy","date":1510567474,"amount":0.02257546,"price":5754.99180000}
{"tid":1479371,"type":"sell","date":1510567487,"amount":0.09900000,"price":5757.90220000}
{"tid":1479372,"type":"buy","date":1510567490,"amount":0.01000000,"price":5800.00000000}
{"tid":1479373,"type":"buy","date":1510567490,"amount":0.02937553,"price":5845.00000000}
{"tid":1479374,"type":"sell","date":1510567512,"amount":0.15389854,"price":5800.90000000}
{"tid":1479375,"type":"sell","date":1510567512,"amount":0.04787951,"price":5800.90000000}
{"tid":1479376,"type":"sell","date":1510567512,"amount":0.06513900,"price":5756.90220000}
{"tid":1479377,"type":"sell","date":1510567512,"amount":0.03386100,"price":5749.00000000}
{"tid":1479378,"type":"sell","date":1510568071,"amount":0.03526000,"price":5750.11520000}
{"tid":1479379,"type":"sell","date":1510568071,"amount":0.01424000,"price":5750.05770000}
{"tid":1479380,"type":"sell","date":1510568074,"amount":0.04950000,"price":5750.05770000}
{"tid":1479381,"type":"sell","date":1510568156,"amount":0.18532628,"price":5750.07470000}
{"tid":1479382,"type":"sell","date":1510568156,"amount":0.29757372,"price":5750.07460000}
{"tid":1479383,"type":"buy","date":1510568157,"amount":0.03338971,"price":5825.74660000}
{"tid":1479384,"type":"buy","date":1510568522,"amount":0.05000000,"price":5810.74250000}
{"tid":1479385,"type":"buy","date":1510568522,"amount":0.00152622,"price":5811.74250000}
{"tid":1479386,"type":"sell","date":1510568541,"amount":0.01331827,"price":5750.46040000}
{"tid":1479387,"type":"sell","date":1510568570,"amount":0.17162173,"price":5750.46040000}
{"tid":1479388,"type":"sell","date":1510568570,"amount":0.01953378,"price":5750.45740000}
{"tid":1479389,"type":"sell","date":1510568574,"amount":0.04567822,"price":5750.45740000}
{"tid":1479390,"type":"sell","date":1510568574,"amount":0.02093700,"price":5750.45430000}
{"tid":1479391,"type":"sell","date":1510568574,"amount":0.12457696,"price":5750.05770000}
{"tid":1479392,"type":"sell","date":1510568590,"amount":0.19116752,"price":5750.11810000}
{"tid":1479393,"type":"sell","date":1510568591,"amount":0.19116753,"price":5750.11810000}
{"tid":1479394,"type":"sell","date":1510568599,"amount":0.01000000,"price":5780.00000000}
{"tid":1479395,"type":"sell","date":1510568599,"amount":0.00700000,"price":5780.00000000}
{"tid":1479396,"type":"sell","date":1510568599,"amount":0.18421246,"price":5750.12230000}
{"tid":1479397,"type":"sell","date":1510568599,"amount":0.17516671,"price":5750.12230000}
{"tid":1479398,"type":"sell","date":1510568600,"amount":0.06521600,"price":5750.11830000}
{"tid":1479399,"type":"sell","date":1510568600,"amount":0.12598652,"price":5750.11540000}
{"tid":1479400,"type":"sell","date":1510568601,"amount":0.19120122,"price":5750.11540000}
{"tid":1479401,"type":"sell","date":1510568603,"amount":0.19117288,"price":5750.11540000}
{"tid":1479402,"type":"buy","date":1510568615,"amount":0.02000000,"price":5750.11770000}
{"tid":1479403,"type":"buy","date":1510568615,"amount":0.02000000,"price":5750.11780000}
{"tid":1479404,"type":"buy","date":1510568615,"amount":0.00855112,"price":5750.11830000}
{"tid":1479405,"type":"sell","date":1510568679,"amount":0.03830851,"price":5750.11540000}
{"tid":1479406,"type":"sell","date":1510568699,"amount":0.05666320,"price":5750.11540000}
{"tid":1479407,"type":"sell","date":1510568720,"amount":0.07503208,"price":5750.11540000}
{"tid":1479408,"type":"sell","date":1510568750,"amount":0.15157075,"price":5750.11540000}
{"tid":1479409,"type":"sell","date":1510568750,"amount":0.00038782,"price":5750.11540000}
{"tid":1479410,"type":"buy","date":1510568767,"amount":0.02000000,"price":5750.11730000}
{"tid":1479411,"type":"buy","date":1510568767,"amount":0.02000000,"price":5750.11740000}
{"tid":1479412,"type":"buy","date":1510568767,"amount":0.11466592,"price":5807.74110000}
{"tid":1479413,"type":"buy","date":1510568874,"amount":0.01612962,"price":5793.68840000}
{"tid":1479414,"type":"buy","date":1510569017,"amount":0.02196567,"price":5768.99980000}
{"tid":1479415,"type":"buy","date":1510569065,"amount":0.01886529,"price":5768.99980000}
{"tid":1479416,"type":"sell","date":1510569086,"amount":0.00738647,"price":5768.99980000}
{"tid":1479417,"type":"sell","date":1510569086,"amount":0.00575103,"price":5753.00020000}
{"tid":1479418,"type":"buy","date":1510569167,"amount":0.02000000,"price":5769.99630000}
{"tid":1479419,"type":"buy","date":1510569167,"amount":0.02000000,"price":5769.99630000}
{"tid":1479420,"type":"buy","date":1510569167,"amount":0.26353200,"price":5769.99700000}
{"tid":1479421,"type":"sell","date":1510569167,"amount":0.09900000,"price":5770.00000000}
{"tid":1479422,"type":"sell","date":1510569168,"amount":0.09900000,"price":5770.00000000}
{"tid":1479423,"type":"sell","date":1510569169,"amount":0.04950000,"price":5771.00000000}
{"tid":1479424,"type":"sell","date":1510569181,"amount":0.01905059,"price":5772.00020000}
{"tid":1479425,"type":"sell","date":1510569181,"amount":0.01591303,"price":5772.00020000}
{"tid":1479426,"type":"sell","date":1510569235,"amount":0.04856764,"price":5771.00020000}
{"tid":1479427,"type":"buy","date":1510569380,"amount":0.01910497,"price":5780.67060000}
{"tid":1479428,"type":"sell","date":1510569405,"amount":0.03320000,"price":5770.00020000}
{"tid":1479429,"type":"buy","date":1510569604,"amount":0.05189361,"price":5769.49540000}
{"tid":1479430,"type":"sell","date":1510569624,"amount":0.01090000,"price":5769.00000000}
{"tid":1479431,"type":"sell","date":1510569746,"amount":0.03964058,"price":5769.00000000}
{"tid":1479432,"type":"buy","date":1510569774,"amount":0.00432471,"price":5769.17080000}
{"tid":1479433,"type":"buy","date":1510569798,"amount":0.37067529,"price":5769.17080000}
{"tid":1479434,"type":"buy","date":1510569798,"amount":0.40131003,"price":5769.17430000}
{"tid":1479435,"type":"buy","date":1510569798,"amount":0.05000000,"price":5769.50000000}
{"tid":1479436,"type":"buy","date":1510569851,"amount":0.00604260,"price":5780.62040000}
{"tid":1479437,"type":"buy","date":1510569959,"amount":0.02955911,"price":5780.61870000}
{"tid":1479438,"type":"buy","date":1510570034,"amount":0.08655019,"price":5776.99480000}
{"tid":1479439,"type":"buy","date":1510570238,"amount":0.03238782,"price":5770.99630000}
{"tid":1479440,"type":"sell","date":1510570274,"amount":0.05215424,"price":5770.00020000}
{"tid":1479441,"type":"sell","date":1510570274,"amount":0.01018176,"price":5770.00010000}
{"tid":1479442,"type":"buy","date":1510570289,"amount":0.02131347,"price":5770.99630000}
{"tid":1479443,"type":"sell","date":1510570314,"amount":0.04852167,"price":5770.00010000}
{"tid":1479444,"type":"buy","date":1510570377,"amount":0.00042453,"price":5770.99630000}
{"tid":1479445,"type":"buy","date":1510570407,"amount":0.02178826,"price":5770.99630000}
{"tid":1479446,"type":"buy","date":1510570543,"amount":0.03636276,"price":5770.99630000}
{"tid":1479447,"type":"sell","date":1510570743,"amount":0.10000000,"price":5771.00030000}
{"tid":1479448,"type":"buy","date":1510570790,"amount":0.37637779,"price":5770.50000000}
{"tid":1479449,"type":"buy","date":1510570790,"amount":0.05000000,"price":5770.50010000}
{"tid":1479450,"type":"buy","date":1510570790,"amount":0.82371461,"price":5771.00030000}
{"tid":1479451,"type":"sell","date":1510570796,"amount":0.01806451,"price":5770.00020000}
{"tid":1479452,"type":"buy","date":1510570814,"amount":0.07134291,"price":5771.00030000}
{"tid":1479453,"type":"buy","date":1510570839,"amount":0.35503488,"price":5771.00030000}
{"tid":1479454,"type":"buy","date":1510570854,"amount":0.05931605,"price":5785.01910000}
{"tid":1479455,"type":"buy","date":1510570921,"amount":0.03158100,"price":5786.01910000}
{"tid":1479456,"type":"buy","date":1510571419,"amount":0.10000000,"price":5787.00000000}
{"tid":1479457,"type":"buy","date":1510571419,"amount":0.06110510,"price":5787.00000000}
{"tid":1479458,"type":"buy","date":1510571742,"amount":0.06731558,"price":5787.00000000}
{"tid":1479459,"type":"buy","date":1510571742,"amount":0.05018600,"price":5787.71270000}
{"tid":1479460,"type":"buy","date":1510571742,"amount":0.01752326,"price":5787.73310000}
{"tid":1479461,"type":"buy","date":1510571876,"amount":0.01405774,"price":5787.73310000}
{"tid":1479462,"type":"buy","date":1510571876,"amount":0.06416674,"price":5787.73310000}
{"tid":1479463,"type":"buy","date":1510571891,"amount":0.01000000,"price":5787.73310000}
{"tid":1479464,"type":"buy","date":1510571891,"amount":0.04432305,"price":5787.73310000}
{"tid":1479465,"type":"buy","date":1510571902,"amount":0.00535100,"price":5787.73310000}
{"tid":1479466,"type":"sell","date":1510571996,"amount":0.10000000,"price":5802.00080000}
{"tid":1479467,"type":"sell","date":1510571996,"amount":0.06464400,"price":5801.00080000}
{"tid":1479468,"type":"sell","date":1510571996,"amount":0.01240109,"price":5801.00070000}
{"tid":1479469,"type":"sell","date":1510572116,"amount":0.08000000,"price":5820.00000000}
{"tid":1479470,"type":"sell","date":1510572116,"amount":0.04064788,"price":5815.00020000}
{"tid":1479471,"type":"buy","date":1510572241,"amount":0.01709872,"price":5836.69120000}
{"tid":1479472,"type":"buy","date":1510572242,"amount":0.01627291,"price":5836.69120000}
{"tid":1479473,"type":"buy","date":1510572275,"amount":0.01662837,"price":5836.69120000}
{"tid":1479474,"type":"buy","date":1510572275,"amount":0.00047115,"price":5836.69120000}
{"tid":1479475,"type":"buy","date":1510572359,"amount":0.05000000,"price":5832.68390000}
{"tid":1479476,"type":"buy","date":1510572359,"amount":0.03937425,"price":5832.68390000}
{"tid":1479477,"type":"buy","date":1510572359,"amount":0.00001428,"price":5832.68390000}
{"tid":1479478,"type":"buy","date":1510572359,"amount":0.04242602,"price":5833.68390000}
{"tid":1479479,"type":"buy","date":1510572359,"amount":0.06286598,"price":5833.68390000}
{"tid":1479480,"type":"buy","date":1510572377,"amount":0.02119652,"price":5837.74980000}
{"tid":1479481,"type":"buy","date":1510572382,"amount":0.01035783,"price":5837.74980000}
{"tid":1479482,"type":"buy","date":1510572396,"amount":0.00006365,"price":5837.74980000}
{"tid":1479483,"type":"buy","date":1510572396,"amount":0.02493513,"price":5838.75000000}
{"tid":1479484,"type":"buy","date":1510572406,"amount":0.02051123,"price":5838.75000000}
{"tid":1479485,"type":"buy","date":1510572407,"amount":0.06729989,"price":5838.75000000}
{"tid":1479486,"type":"buy","date":1510572407,"amount":0.10928709,"price":5838.75000000}
{"tid":1479487,"type":"buy","date":1510572419,"amount":0.00235166,"price":5838.75000000}
{"tid":1479488,"type":"buy","date":1510572419,"amount":0.30956219,"price":5849.00000000}
{"tid":1479489,"type":"buy","date":1510572419,"amount":0.06447877,"price":5851.22470000}
{"tid":1479490,"type":"buy","date":1510572419,"amount":0.01000000,"price":5857.12200000}
{"tid":1479491,"type":"buy","date":1510572419,"amount":0.06779385,"price":5857.39630000}
{"tid":1479492,"type":"buy","date":1510572419,"amount":0.02907717,"price":5876.95800000}
{"tid":1479493,"type":"buy","date":1510572419,"amount":0.01200000,"price":5885.00000000}
{"tid":1479494,"type":"buy","date":1510572419,"amount":0.39255482,"price":5890.00000000}
{"tid":1479495,"type":"buy","date":1510572419,"amount":0.03247721,"price":5900.00000000}
{"tid":1479496,"type":"buy","date":1510572419,"amount":0.02178826,"price":5900.00000000}
{"tid":1479497,"type":"buy","date":1510572419,"amount":0.01806451,"price":5924.99990000}
{"tid":1479498,"type":"buy","date":1510572419,"amount":0.06176371,"price":5925.00000000}
{"tid":1479499,"type":"sell","date":1510572509,"amount":0.08684833,"price":5843.00020000}
{"tid":1479500,"type":"sell","date":1510572520,"amount":0.06419000,"price":5842.00020000}
{"tid":1479501,"type":"sell","date":1510572520,"amount":0.03259328,"price":5841.95000000}
{"tid":1479502,"type":"sell","date":1510572520,"amount":0.02357200,"price":5834.74240000}
{"tid":1479503,"type":"sell","date":1510572520,"amount":0.20000000,"price":5834.68420000}
{"tid":1479504,"type":"sell","date":1510572520,"amount":0.02692592,"price":5833.68390000}
{"tid":1479505,"type":"sell","date":1510572520,"amount":0.02085432,"price":5832.68390000}
{"tid":1479506,"type":"sell","date":1510572520,"amount":0.37280818,"price":5823.20900000}
{"tid":1479507,"type":"sell","date":1510572520,"amount":0.25905603,"price":5823.20890000}
{"tid":1479508,"type":"sell","date":1510572673,"amount":0.01926100,"price":5823.26730000}
{"tid":1479509,"type":"sell","date":1510572673,"amount":0.05222028,"price":5823.20910000}
{"tid":1479510,"type":"sell","date":1510572684,"amount":0.01217672,"price":5823.20910000}
{"tid":1479511,"type":"sell","date":1510572822,"amount":0.01862758,"price":5816.00100000}
{"tid":1479512,"type":"sell","date":1510572862,"amount":0.02000000,"price":5816.00140000}
{"tid":1479513,"type":"sell","date":1510572862,"amount":0.02000000,"price":5816.00140000}
{"tid":1479514,"type":"sell","date":1510572866,"amount":0.02000000,"price":5816.00140000}
{"tid":1479515,"type":"sell","date":1510572866,"amount":0.00918173,"price":5816.00140000}
{"tid":1479516,"type":"sell","date":1510572942,"amount":0.02000000,"price":5816.00220000}
{"tid":1479517,"type":"sell","date":1510572942,"amount":0.02000000,"price":5816.00220000}
{"tid":1479518,"type":"sell","date":1510572942,"amount":0.03157700,"price":5816.00210000}
{"tid":1479519,"type":"sell","date":1510572967,"amount":0.06447700,"price":5816.00240000}
{"tid":1479520,"type":"sell","date":1510572967,"amount":0.16849471,"price":5816.00210000}
{"tid":1479521,"type":"sell","date":1510572995,"amount":0.04950000,"price":5816.00230000}
{"tid":1479522,"type":"buy","date":1510573149,"amount":0.01940819,"price":5878.96010000}
{"tid":1479523,"type":"sell","date":1510573291,"amount":0.01000000,"price":5820.00000000}
{"tid":1479524,"type":"sell","date":1510573291,"amount":0.04412651,"price":5817.00050000}
{"tid":1479525,"type":"buy","date":1510573313,"amount":0.02000000,"price":5876.95480000}
{"tid":1479526,"type":"buy","date":1510573313,"amount":0.02000000,"price":5876.95480000}
{"tid":1479527,"type":"buy","date":1510573313,"amount":0.03311686,"price":5876.95990000}
{"tid":1479528,"type":"buy","date":1510573332,"amount":0.01590654,"price":5874.93910000}
{"tid":1479529,"type":"buy","date":1510573535,"amount":0.05000000,"price":5848.84830000}
{"tid":1479530,"type":"buy","date":1510573535,"amount":0.12636621,"price":5849.84830000}
{"tid":1479531,"type":"buy","date":1510573741,"amount":0.02429367,"price":5848.84830000}
{"tid":1479532,"type":"buy","date":1510573799,"amount":0.01730845,"price":5848.84830000}
{"tid":1479533,"type":"buy","date":1510573851,"amount":0.00839788,"price":5848.84830000}
{"tid":1479534,"type":"buy","date":1510573851,"amount":0.03811722,"price":5849.84830000}
{"tid":1479535,"type":"buy","date":1510573937,"amount":0.05000000,"price":5848.84830000}
{"tid":1479536,"type":"buy","date":1510573943,"amount":0.07808057,"price":5849.84830000}
{"tid":1479537,"type":"buy","date":1510573943,"amount":0.19885943,"price":5849.84850000}
{"tid":1479538,"type":"buy","date":1510573955,"amount":0.05000000,"price":5848.84850000}
{"tid":1479539,"type":"buy","date":1510573959,"amount":0.07808057,"price":5849.84850000}
{"tid":1479540,"type":"buy","date":1510573971,"amount":0.05000000,"price":5849.85240000}
{"tid":1479541,"type":"buy","date":1510573971,"amount":0.17501723,"price":5850.85240000}
{"tid":1479542,"type":"sell","date":1510573978,"amount":0.05000000,"price":5849.85240000}
{"tid":1479543,"type":"buy","date":1510573987,"amount":0.10192277,"price":5850.85240000}
{"tid":1479544,"type":"buy","date":1510573999,"amount":0.03233200,"price":5853.92740000}
{"tid":1479545,"type":"buy","date":1510574004,"amount":0.01278750,"price":5879.49990000}
{"tid":1479546,"type":"buy","date":1510574007,"amount":0.13100000,"price":5879.99990000}
{"tid":1479547,"type":"buy","date":1510574007,"amount":0.06469564,"price":5880.00000000}
{"tid":1479548,"type":"buy","date":1510574007,"amount":0.03259328,"price":5919.00000000}
{"tid":1479549,"type":"buy","date":1510574007,"amount":0.01000000,"price":5922.01000000}
{"tid":1479550,"type":"buy","date":1510574007,"amount":0.04323629,"price":5925.00000000}
{"tid":1479551,"type":"buy","date":1510574007,"amount":0.47305000,"price":5930.46580000}
{"tid":1479552,"type":"buy","date":1510574007,"amount":0.17919843,"price":5950.00000000}
{"tid":1479553,"type":"buy","date":1510574007,"amount":0.14290750,"price":5956.99990000}
{"tid":1479554,"type":"buy","date":1510574011,"amount":0.45000000,"price":5957.00000000}
{"tid":1479555,"type":"buy","date":1510574014,"amount":0.01000000,"price":5957.06240000}
{"tid":1479556,"type":"buy","date":1510574019,"amount":0.02164000,"price":5957.06240000}
{"tid":1479557,"type":"buy","date":1510574160,"amount":0.06991845,"price":5957.00000000}
{"tid":1479558,"type":"buy","date":1510574160,"amount":0.03154200,"price":5957.06240000}
{"tid":1479559,"type":"buy","date":1510574160,"amount":0.01000000,"price":5957.12200000}
{"tid":1479560,"type":"buy","date":1510574160,"amount":0.05616259,"price":5965.53640000}
{"tid":1479561,"type":"sell","date":1510574207,"amount":0.03980013,"price":5849.12380000}
{"tid":1479562,"type":"buy","date":1510574272,"amount":0.02000000,"price":5900.00000000}
{"tid":1479563,"type":"buy","date":1510574272,"amount":0.03166200,"price":5900.05900000}
{"tid":1479564,"type":"buy","date":1510574272,"amount":0.05400947,"price":5965.53650000}
{"tid":1479565,"type":"buy","date":1510574272,"amount":0.01024784,"price":5973.26010000}
{"tid":1479566,"type":"buy","date":1510574272,"amount":0.05800000,"price":5978.24840000}
{"tid":1479567,"type":"buy","date":1510574272,"amount":0.10313088,"price":5978.24850000}
{"tid":1479568,"type":"buy","date":1510574272,"amount":0.03636258,"price":5986.37250000}
{"tid":1479569,"type":"buy","date":1510574306,"amount":0.01092815,"price":5986.37250000}
{"tid":1479570,"type":"sell","date":1510574441,"amount":0.10000000,"price":5868.05910000}
{"tid":1479571,"type":"sell","date":1510574441,"amount":0.03442393,"price":5867.05910000}
{"tid":1479572,"type":"buy","date":1510574472,"amount":0.00960350,"price":5985.31240000}
{"tid":1479573,"type":"sell","date":1510574515,"amount":0.02398741,"price":5867.11780000}
{"tid":1479574,"type":"sell","date":1510574635,"amount":0.02146768,"price":5916.99940000}
{"tid":1479575,"type":"buy","date":1510574655,"amount":0.02482100,"price":5983.99970000}
{"tid":1479576,"type":"buy","date":1510574655,"amount":0.02517900,"price":5983.99990000}
{"tid":1479577,"type":"buy","date":1510574664,"amount":0.02482100,"price":5983.99990000}
{"tid":1479578,"type":"sell","date":1510574699,"amount":0.00025429,"price":5916.99940000}
{"tid":1479579,"type":"sell","date":1510574699,"amount":0.14551014,"price":5868.59430000}
{"tid":1479580,"type":"sell","date":1510574699,"amount":0.05423557,"price":5868.59420000}
{"tid":1479581,"type":"sell","date":1510574833,"amount":0.01905300,"price":5868.71840000}
{"tid":1479582,"type":"sell","date":1510574833,"amount":0.06389900,"price":5868.65970000}
{"tid":1479583,"type":"sell","date":1510574833,"amount":0.02086989,"price":5868.00000000}
{"tid":1479584,"type":"sell","date":1510574833,"amount":0.07576411,"price":5855.00970000}
{"tid":1479585,"type":"sell","date":1510574835,"amount":0.07423589,"price":5855.00970000}
{"tid":1479586,"type":"sell","date":1510574835,"amount":0.10535011,"price":5855.00010000}
{"tid":1479587,"type":"sell","date":1510574836,"amount":0.10775159,"price":5855.00010000}
{"tid":1479588,"type":"sell","date":1510574837,"amount":0.05385915,"price":5855.00010000}
{"tid":1479589,"type":"buy","date":1510574874,"amount":0.05000000,"price":5895.99950000}
{"tid":1479590,"type":"sell","date":1510574934,"amount":0.07099059,"price":5855.10000000}
{"tid":1479591,"type":"sell","date":1510574934,"amount":0.05900941,"price":5855.00030000}
{"tid":1479592,"type":"sell","date":1510574955,"amount":0.00503859,"price":5855.00030000}
{"tid":1479593,"type":"sell","date":1510574955,"amount":0.17402649,"price":5854.50970000}
{"tid":1479594,"type":"sell","date":1510574955,"amount":0.45554300,"price":5854.50970000}
{"tid":1479595,"type":"sell","date":1510574965,"amount":0.12043051,"price":5854.50970000}
{"tid":1479596,"type":"sell","date":1510574965,"amount":0.12000000,"price":5850.00010000}
{"tid":1479597,"type":"sell","date":1510574969,"amount":0.02000000,"price":5850.00000000}
{"tid":1479598,"type":"sell","date":1510574969,"amount":0.29794100,"price":5850.00000000}
{"tid":1479599,"type":"sell","date":1510574969,"amount":0.17905765,"price":5850.00000000}
{"tid":1479600,"type":"sell","date":1510574971,"amount":0.17926760,"price":5850.00000000}
{"tid":1479601,"type":"sell","date":1510574972,"amount":0.17904851,"price":5850.00000000}
{"tid":1479602,"type":"sell","date":1510574973,"amount":0.08368524,"price":5850.00000000}
{"tid":1479603,"type":"sell","date":1510574973,"amount":0.09536340,"price":5830.23430000}
{"tid":1479604,"type":"sell","date":1510574974,"amount":0.17894342,"price":5830.23430000}
{"tid":1479605,"type":"sell","date":1510574976,"amount":0.17894195,"price":5830.23430000}
{"tid":1479606,"type":"sell","date":1510574977,"amount":0.17894048,"price":5830.23430000}
{"tid":1479607,"type":"sell","date":1510574978,"amount":0.17894048,"price":5830.23430000}
{"tid":1479608,"type":"sell","date":1510575070,"amount":0.01000000,"price":5832.00000000}
{"tid":1479609,"type":"sell","date":1510575071,"amount":0.01909263,"price":5830.00030000}
{"tid":1479610,"type":"sell","date":1510575071,"amount":0.01773757,"price":5830.00030000}
{"tid":1479611,"type":"sell","date":1510575071,"amount":0.00609678,"price":5830.00030000}
{"tid":1479612,"type":"sell","date":1510575071,"amount":0.01229945,"price":5830.00030000}
{"tid":1479613,"type":"sell","date":1510575071,"amount":0.05202255,"price":5830.00030000}
{"tid":1479614,"type":"sell","date":1510575071,"amount":0.05766300,"price":5830.00010000}
{"tid":1479615,"type":"sell","date":1510575071,"amount":0.01795712,"price":5830.00010000}
{"tid":1479616,"type":"sell","date":1510575071,"amount":0.17619237,"price":5830.00010000}
{"tid":1479617,"type":"buy","date":1510575072,"amount":0.05522643,"price":5830.00030000}
{"tid":1479618,"type":"buy","date":1510575072,"amount":0.00968106,"price":5832.00000000}
{"tid":1479619,"type":"buy","date":1510575078,"amount":0.05136386,"price":5829.00010000}
{"tid":1479620,"type":"buy","date":1510575078,"amount":0.19514014,"price":5829.00010000}
{"tid":1479621,"type":"buy","date":1510575078,"amount":0.05000000,"price":5829.00030000}
{"tid":1479622,"type":"buy","date":1510575078,"amount":0.09999999,"price":5831.12530000}
{"tid":1479623,"type":"buy","date":1510575078,"amount":0.00031894,"price":5832.00000000}
{"tid":1479624,"type":"sell","date":1510575079,"amount":0.10574156,"price":5840.00000000}
{"tid":1479625,"type":"sell","date":1510575088,"amount":0.02729424,"price":5840.00000000}
{"tid":1479626,"type":"sell","date":1510575088,"amount":0.12698215,"price":5800.50050000}
{"tid":1479627,"type":"sell","date":1510575105,"amount":0.10000000,"price":5801.50060000}
{"tid":1479628,"type":"sell","date":1510575105,"amount":0.07638537,"price":5800.50060000}
{"tid":1479629,"type":"sell","date":1510575107,"amount":0.12361463,"price":5800.50060000}
{"tid":1479630,"type":"sell","date":1510575107,"amount":0.05257773,"price":5800.50050000}
{"tid":1479631,"type":"sell","date":1510575108,"amount":0.17619236,"price":5800.50050000}
{"tid":1479632,"type":"buy","date":1510575117,"amount":0.00088049,"price":5848.99970000}
{"tid":1479633,"type":"buy","date":1510575119,"amount":0.04911951,"price":5848.99970000}
{"tid":1479634,"type":"buy","date":1510575119,"amount":0.03901951,"price":5849.99970000}
{"tid":1479635,"type":"buy","date":1510575119,"amount":0.39114360,"price":5849.99970000}
{"tid":1479636,"type":"buy","date":1510575128,"amount":0.13490696,"price":5849.99970000}
{"tid":1479637,"type":"buy","date":1510575128,"amount":0.01975905,"price":5851.99990000}
{"tid":1479638,"type":"sell","date":1510575128,"amount":0.00624776,"price":5800.50050000}
{"tid":1479639,"type":"sell","date":1510575128,"amount":0.09947949,"price":5800.50040000}
{"tid":1479640,"type":"sell","date":1510575202,"amount":0.02018963,"price":5800.50160000}
{"tid":1479641,"type":"sell","date":1510575202,"amount":0.06465000,"price":5800.50150000}
{"tid":1479642,"type":"sell","date":1510575202,"amount":0.09139009,"price":5800.50120000}
{"tid":1479643,"type":"sell","date":1510575202,"amount":0.01711922,"price":5800.50120000}
{"tid":1479644,"type":"sell","date":1510575203,"amount":0.01667787,"price":5800.50120000}
{"tid":1479645,"type":"sell","date":1510575203,"amount":0.01103009,"price":5800.50120000}
{"tid":1479646,"type":"sell","date":1510575203,"amount":0.01606241,"price":5800.50120000}
{"tid":1479647,"type":"sell","date":1510575204,"amount":0.17623201,"price":5800.50120000}
{"tid":1479648,"type":"sell","date":1510575204,"amount":0.01335920,"price":5800.50120000}
{"tid":1479649,"type":"sell","date":1510575204,"amount":0.01787087,"price":5800.50120000}
{"tid":1479650,"type":"sell","date":1510575204,"amount":0.01624860,"price":5800.50120000}
{"tid":1479651,"type":"sell","date":1510575204,"amount":0.01548487,"price":5800.50120000}
{"tid":1479652,"type":"sell","date":1510575204,"amount":0.01611930,"price":5800.50120000}
{"tid":1479653,"type":"sell","date":1510575204,"amount":0.01603655,"price":5800.50120000}
{"tid":1479654,"type":"sell","date":1510575204,"amount":0.01493837,"price":5800.50120000}
{"tid":1479655,"type":"sell","date":1510575205,"amount":0.01771227,"price":5800.50120000}
{"tid":1479656,"type":"sell","date":1510575205,"amount":0.07181913,"price":5800.50120000}
{"tid":1479657,"type":"sell","date":1510575205,"amount":0.10461181,"price":5800.00010000}
{"tid":1479658,"type":"sell","date":1510575205,"amount":0.01542069,"price":5800.00010000}
{"tid":1479659,"type":"sell","date":1510575206,"amount":0.01318852,"price":5800.50140000}
{"tid":1479660,"type":"sell","date":1510575206,"amount":0.01785191,"price":5800.50140000}
{"tid":1479661,"type":"sell","date":1510575206,"amount":0.01493837,"price":5800.50140000}
{"tid":1479662,"type":"sell","date":1510575206,"amount":0.01867120,"price":5800.50140000}
{"tid":1479663,"type":"sell","date":1510575206,"amount":0.06096750,"price":5800.00010000}
{"tid":1479664,"type":"sell","date":1510575206,"amount":0.09679077,"price":5800.00000000}
{"tid":1479665,"type":"sell","date":1510575207,"amount":0.01487759,"price":5800.00000000}
{"tid":1479666,"type":"sell","date":1510575207,"amount":0.01601380,"price":5800.00000000}
{"tid":1479667,"type":"sell","date":1510575208,"amount":0.01811897,"price":5800.00000000}
{"tid":1479668,"type":"sell","date":1510575208,"amount":0.01598966,"price":5800.00000000}
{"tid":1479669,"type":"sell","date":1510575208,"amount":0.05295787,"price":5800.00000000}
{"tid":1479670,"type":"sell","date":1510575208,"amount":0.01644483,"price":5800.00000000}
{"tid":1479671,"type":"sell","date":1510575238,"amount":0.06476700,"price":5790.00020000}
{"tid":1479672,"type":"sell","date":1510575238,"amount":0.02700000,"price":5790.00000000}
{"tid":1479673,"type":"sell","date":1510575238,"amount":0.08539979,"price":5772.50010000}
{"tid":1479674,"type":"sell","date":1510575240,"amount":0.06496300,"price":5772.50020000}
{"tid":1479675,"type":"sell","date":1510575240,"amount":0.00560021,"price":5772.50010000}
{"tid":1479676,"type":"sell","date":1510575240,"amount":0.10660642,"price":5772.50000000}
{"tid":1479677,"type":"sell","date":1510575241,"amount":0.04339358,"price":5772.50000000}
{"tid":1479678,"type":"sell","date":1510575241,"amount":0.03342227,"price":5772.00000000}
{"tid":1479679,"type":"sell","date":1510575241,"amount":0.02948467,"price":5770.00010000}
{"tid":1479680,"type":"sell","date":1510575250,"amount":0.00440971,"price":5770.00010000}
{"tid":1479681,"type":"sell","date":1510575250,"amount":0.06500300,"price":5769.00020000}
{"tid":1479682,"type":"sell","date":1510575250,"amount":0.03695055,"price":5769.00000000}
{"tid":1479683,"type":"sell","date":1510575275,"amount":0.00957386,"price":5769.00000000}
{"tid":1479684,"type":"sell","date":1510575275,"amount":0.02584574,"price":5750.06020000}
{"tid":1479685,"type":"buy","date":1510575351,"amount":0.04995527,"price":5814.00010000}
{"tid":1479686,"type":"buy","date":1510575355,"amount":0.00004473,"price":5814.00010000}
{"tid":1479687,"type":"sell","date":1510575356,"amount":0.17734941,"price":5814.00010000}
{"tid":1479688,"type":"sell","date":1510575356,"amount":0.01441349,"price":5814.00010000}
{"tid":1479689,"type":"sell","date":1510575356,"amount":0.01371174,"price":5814.00010000}
{"tid":1479690,"type":"buy","date":1510575362,"amount":0.03154200,"price":5815.05830000}
{"tid":1479691,"type":"buy","date":1510575362,"amount":0.02611932,"price":5816.00050000}
{"tid":1479692,"type":"sell","date":1510575362,"amount":0.03779372,"price":5814.00010000}
{"tid":1479693,"type":"sell","date":1510575363,"amount":0.09404261,"price":5814.00010000}
{"tid":1479694,"type":"buy","date":1510575386,"amount":0.00818668,"price":5816.00050000}
{"tid":1479695,"type":"buy","date":1510575386,"amount":0.03128438,"price":5816.00050000}
{"tid":1479696,"type":"buy","date":1510575396,"amount":0.00011262,"price":5816.00050000}
{"tid":1479697,"type":"buy","date":1510575396,"amount":0.05000000,"price":5827.50000000}
{"tid":1479698,"type":"buy","date":1510575396,"amount":0.03342227,"price":5828.00000000}
{"tid":1479699,"type":"buy","date":1510575396,"amount":0.00215965,"price":5829.62500000}
{"tid":1479700,"type":"buy","date":1510575435,"amount":0.03145900,"price":5848.99140000}
{"tid":1479701,"type":"buy","date":1510575435,"amount":0.00049751,"price":5849.04990000}
{"tid":1479702,"type":"sell","date":1510575482,"amount":0.02838700,"price":5814.05820000}
{"tid":1479703,"type":"sell","date":1510575482,"amount":0.14722900,"price":5814.00010000}
{"tid":1479704,"type":"sell","date":1510575482,"amount":0.06449900,"price":5814.05840000}
{"tid":1479705,"type":"sell","date":1510575482,"amount":0.03141530,"price":5814.00010000}
{"tid":1479706,"type":"sell","date":1510575482,"amount":0.08074072,"price":5750.06000000}
{"tid":1479707,"type":"sell","date":1510575484,"amount":0.17620370,"price":5750.06000000}
{"tid":1479708,"type":"sell","date":1510575486,"amount":0.11115558,"price":5750.06000000}
{"tid":1479709,"type":"sell","date":1510575486,"amount":0.06504665,"price":5750.05770000}
{"tid":1479710,"type":"sell","date":1510575487,"amount":0.17620381,"price":5750.05770000}
{"tid":1479711,"type":"sell","date":1510575488,"amount":0.17638516,"price":5750.05770000}
{"tid":1479712,"type":"sell","date":1510575490,"amount":0.17632942,"price":5750.05770000}
{"tid":1479713,"type":"sell","date":1510575491,"amount":0.05286008,"price":5750.05770000}
{"tid":1479714,"type":"sell","date":1510575492,"amount":0.03523770,"price":5750.05770000}
{"tid":1479715,"type":"sell","date":1510575515,"amount":0.02944000,"price":5750.11520000}
{"tid":1479716,"type":"sell","date":1510575515,"amount":0.14521075,"price":5750.05770000}
{"tid":1479717,"type":"sell","date":1510575516,"amount":0.05236891,"price":5750.05770000}
{"tid":1479718,"type":"sell","date":1510575534,"amount":0.03498153,"price":5750.05770000}
{"tid":1479719,"type":"buy","date":1510575557,"amount":0.00170921,"price":5838.94000000}
{"tid":1479720,"type":"buy","date":1510575615,"amount":0.05000000,"price":5833.89980000}
{"tid":1479721,"type":"buy","date":1510575615,"amount":0.06521700,"price":5834.89980000}
{"tid":1479722,"type":"buy","date":1510575615,"amount":0.03154800,"price":5834.95830000}
{"tid":1479723,"type":"buy","date":1510575615,"amount":0.01341181,"price":5835.90000000}
{"tid":1479724,"type":"buy","date":1510575911,"amount":0.05000000,"price":5830.84070000}
{"tid":1479725,"type":"buy","date":1510575911,"amount":0.00134777,"price":5831.84070000}
{"tid":1479726,"type":"sell","date":1510576240,"amount":0.01487500,"price":5750.17290000}
{"tid":1479727,"type":"buy","date":1510576316,"amount":0.01081509,"price":5813.91960000}
{"tid":1479728,"type":"buy","date":1510576479,"amount":0.02910598,"price":5811.91920000}
{"tid":1479729,"type":"buy","date":1510576537,"amount":0.03425619,"price":5810.91900000}
{"tid":1479730,"type":"buy","date":1510576571,"amount":0.02264508,"price":5810.91900000}
{"tid":1479731,"type":"buy","date":1510576571,"amount":0.06521500,"price":5811.91900000}
{"tid":1479732,"type":"buy","date":1510576571,"amount":0.01172883,"price":5811.97730000}
{"tid":1479733,"type":"buy","date":1510576574,"amount":0.07154019,"price":5811.97710000}
{"tid":1479734,"type":"buy","date":1510576600,"amount":0.18657467,"price":5811.97710000}
{"tid":1479735,"type":"buy","date":1510576620,"amount":0.02448314,"price":5811.97710000}
{"tid":1479736,"type":"buy","date":1510576620,"amount":0.03146600,"price":5812.03520000}
{"tid":1479737,"type":"buy","date":1510576620,"amount":0.00755554,"price":5816.92000000}
{"tid":1479738,"type":"buy","date":1510576693,"amount":0.03145600,"price":5816.86180000}
{"tid":1479739,"type":"buy","date":1510576693,"amount":0.07066110,"price":5816.92000000}
{"tid":1479740,"type":"buy","date":1510576717,"amount":0.03145700,"price":5816.86180000}
{"tid":1479741,"type":"buy","date":1510576717,"amount":0.07065938,"price":5816.92000000}
{"tid":1479742,"type":"buy","date":1510576720,"amount":0.02082398,"price":5816.92000000}
{"tid":1479743,"type":"buy","date":1510576883,"amount":0.16917922,"price":5851.90050000}
{"tid":1479744,"type":"buy","date":1510576884,"amount":0.16917581,"price":5851.90030000}
{"tid":1479745,"type":"buy","date":1510576885,"amount":0.03748637,"price":5851.90020000}
{"tid":1479746,"type":"buy","date":1510576885,"amount":0.13169055,"price":5851.90030000}
{"tid":1479747,"type":"buy","date":1510576887,"amount":0.10150376,"price":5851.90120000}
{"tid":1479748,"type":"sell","date":1510577192,"amount":0.10000000,"price":5835.04010000}
{"tid":1479749,"type":"sell","date":1510577192,"amount":0.05090000,"price":5834.04010000}
{"tid":1479750,"type":"sell","date":1510577239,"amount":0.01337800,"price":5834.04020000}
{"tid":1479751,"type":"sell","date":1510577254,"amount":0.00662200,"price":5834.04020000}
{"tid":1479752,"type":"sell","date":1510577254,"amount":0.00675600,"price":5834.04010000}
{"tid":1479753,"type":"sell","date":1510577267,"amount":0.02000000,"price":5834.04020000}
{"tid":1479754,"type":"sell","date":1510577267,"amount":0.02000000,"price":5834.04020000}
{"tid":1479755,"type":"buy","date":1510577273,"amount":0.03062232,"price":5850.95950000}
{"tid":1479756,"type":"sell","date":1510577282,"amount":0.02000000,"price":5834.04020000}
{"tid":1479757,"type":"buy","date":1510577298,"amount":0.01937768,"price":5850.95950000}
{"tid":1479758,"type":"buy","date":1510577298,"amount":0.14950368,"price":5850.95950000}
{"tid":1479759,"type":"sell","date":1510577306,"amount":0.00662200,"price":5834.04010000}
{"tid":1479760,"type":"sell","date":1510577306,"amount":0.15537800,"price":5834.04000000}
{"tid":1479761,"type":"buy","date":1510577324,"amount":0.04061566,"price":5849.95950000}
{"tid":1479762,"type":"sell","date":1510577346,"amount":0.06441600,"price":5821.53740000}
{"tid":1479763,"type":"sell","date":1510577346,"amount":0.08400000,"price":5821.53720000}
{"tid":1479764,"type":"sell","date":1510577346,"amount":0.35158400,"price":5821.53710000}
{"tid":1479765,"type":"sell","date":1510577357,"amount":0.06441600,"price":5821.53730000}
{"tid":1479766,"type":"sell","date":1510577357,"amount":0.08400000,"price":5821.53710000}
{"tid":1479767,"type":"buy","date":1510577362,"amount":0.00938434,"price":5849.95950000}
{"tid":1479768,"type":"buy","date":1510577362,"amount":0.02409278,"price":5851.95950000}
{"tid":1479769,"type":"buy","date":1510577369,"amount":0.02000000,"price":5851.90980000}
{"tid":1479770,"type":"buy","date":1510577419,"amount":0.09187489,"price":5851.00000000}
{"tid":1479771,"type":"buy","date":1510577431,"amount":0.02030598,"price":5849.99980000}
{"tid":1479772,"type":"buy","date":1510577455,"amount":0.02969402,"price":5849.99980000}
{"tid":1479773,"type":"buy","date":1510577455,"amount":0.10252094,"price":5850.99980000}
{"tid":1479774,"type":"buy","date":1510577459,"amount":0.06649606,"price":5850.99980000}
{"tid":1479775,"type":"buy","date":1510577459,"amount":0.00418048,"price":5851.00000000}
{"tid":1479776,"type":"buy","date":1510577478,"amount":0.05000000,"price":5850.00000000}
{"tid":1479777,"type":"buy","date":1510577478,"amount":0.10403178,"price":5851.00000000}
{"tid":1479778,"type":"buy","date":1510577491,"amount":0.04420341,"price":5850.00000000}
{"tid":1479779,"type":"sell","date":1510577505,"amount":0.04719500,"price":5821.53760000}
{"tid":1479780,"type":"buy","date":1510577508,"amount":0.00579659,"price":5850.00000000}
{"tid":1479781,"type":"buy","date":1510577508,"amount":0.04124252,"price":5851.00000000}
{"tid":1479782,"type":"buy","date":1510577572,"amount":0.03787400,"price":5850.00000000}
{"tid":1479783,"type":"sell","date":1510577576,"amount":0.03383100,"price":5821.53760000}
{"tid":1479784,"type":"sell","date":1510577576,"amount":0.03173895,"price":5821.53760000}
{"tid":1479785,"type":"buy","date":1510577653,"amount":0.00991111,"price":5850.00000000}
{"tid":1479786,"type":"buy","date":1510577658,"amount":0.00221489,"price":5850.00000000}
{"tid":1479787,"type":"buy","date":1510577658,"amount":0.01820711,"price":5850.00000000}
{"tid":1479788,"type":"sell","date":1510577715,"amount":0.02359681,"price":5821.53800000}
{"tid":1479789,"type":"buy","date":1510577724,"amount":0.02647800,"price":5849.00000000}
{"tid":1479790,"type":"buy","date":1510577742,"amount":0.02351696,"price":5849.00000000}
{"tid":1479791,"type":"buy","date":1510577759,"amount":0.00000504,"price":5849.00000000}
{"tid":1479792,"type":"buy","date":1510577759,"amount":0.42653504,"price":5850.00000000}
{"tid":1479793,"type":"buy","date":1510577760,"amount":0.10981367,"price":5850.00000000}
{"tid":1479794,"type":"buy","date":1510577760,"amount":0.03195042,"price":5850.00000000}
{"tid":1479795,"type":"buy","date":1510577766,"amount":0.02126666,"price":5850.00000000}
{"tid":1479796,"type":"buy","date":1510577918,"amount":0.05000000,"price":5849.00000000}
{"tid":1479797,"type":"buy","date":1510577918,"amount":0.11825254,"price":5850.00000000}
{"tid":1479798,"type":"buy","date":1510577918,"amount":0.08551543,"price":5851.00000000}
{"tid":1479799,"type":"buy","date":1510577921,"amount":0.16825254,"price":5851.00000000}
{"tid":1479800,"type":"buy","date":1510577931,"amount":0.05000000,"price":5850.96000000}
{"tid":1479801,"type":"buy","date":1510577931,"amount":0.03989999,"price":5851.96000000}
{"tid":1479802,"type":"buy","date":1510577948,"amount":0.01005817,"price":5850.96000000}
{"tid":1479803,"type":"buy","date":1510577993,"amount":0.02730000,"price":5850.96000000}
{"tid":1479804,"type":"buy","date":1510578013,"amount":0.01264183,"price":5850.96000000}
{"tid":1479805,"type":"buy","date":1510578021,"amount":0.05000001,"price":5851.96000000}
{"tid":1479806,"type":"buy","date":1510578023,"amount":0.03125600,"price":5851.96830000}
{"tid":1479807,"type":"buy","date":1510578027,"amount":0.03214072,"price":5851.98000000}
{"tid":1479808,"type":"buy","date":1510578033,"amount":0.04713239,"price":5851.98000000}
{"tid":1479809,"type":"buy","date":1510578049,"amount":0.01062689,"price":5851.98000000}
{"tid":1479810,"type":"buy","date":1510578104,"amount":0.01370000,"price":5876.51740000}
{"tid":1479811,"type":"buy","date":1510578133,"amount":0.03301520,"price":5876.51740000}
{"tid":1479812,"type":"buy","date":1510578133,"amount":0.08000000,"price":5876.51740000}
{"tid":1479813,"type":"buy","date":1510578140,"amount":0.31340295,"price":5876.51740000}
{"tid":1479814,"type":"buy","date":1510578142,"amount":0.01558400,"price":5899.50000000}
{"tid":1479815,"type":"buy","date":1510578142,"amount":0.02086989,"price":5900.00000000}
{"tid":1479816,"type":"buy","date":1510578142,"amount":0.00798711,"price":5949.00990000}
{"tid":1479817,"type":"buy","date":1510578177,"amount":0.13420720,"price":5949.00990000}
{"tid":1479818,"type":"sell","date":1510578227,"amount":0.10000000,"price":5916.59020000}
{"tid":1479819,"type":"sell","date":1510578256,"amount":0.06330000,"price":5915.59020000}
{"tid":1479820,"type":"buy","date":1510578263,"amount":0.03142427,"price":5947.95040000}
{"tid":1479821,"type":"sell","date":1510578295,"amount":0.00009200,"price":5915.59020000}
{"tid":1479822,"type":"sell","date":1510578295,"amount":0.13117166,"price":5914.74000000}
{"tid":1479823,"type":"sell","date":1510578320,"amount":0.05575350,"price":5913.71000000}
{"tid":1479824,"type":"sell","date":1510578320,"amount":0.02912555,"price":5913.71000000}
{"tid":1479825,"type":"sell","date":1510578321,"amount":0.06336014,"price":5913.71000000}
{"tid":1479826,"type":"buy","date":1510578325,"amount":0.05036207,"price":5944.95000000}
{"tid":1479827,"type":"sell","date":1510578387,"amount":0.06378400,"price":5879.21360000}
{"tid":1479828,"type":"sell","date":1510578387,"amount":0.11821600,"price":5879.21350000}
{"tid":1479829,"type":"buy","date":1510578402,"amount":0.01572981,"price":5940.94800000}
{"tid":1479830,"type":"buy","date":1510578443,"amount":0.05782842,"price":5938.94770000}
{"tid":1479831,"type":"sell","date":1510578731,"amount":0.03168791,"price":5887.91000000}
{"tid":1479832,"type":"buy","date":1510578751,"amount":0.03426578,"price":5921.94290000}
{"tid":1479833,"type":"buy","date":1510578813,"amount":0.02000000,"price":5918.94160000}
{"tid":1479834,"type":"buy","date":1510578813,"amount":0.02999860,"price":5918.94170000}
{"tid":1479835,"type":"buy","date":1510578824,"amount":0.01579363,"price":5916.94100000}
{"tid":1479836,"type":"sell","date":1510578829,"amount":0.06368900,"price":5887.96910000}
{"tid":1479837,"type":"sell","date":1510578829,"amount":0.01301400,"price":5887.96890000}
{"tid":1479838,"type":"sell","date":1510578829,"amount":0.08173659,"price":5887.91000000}
{"tid":1479839,"type":"buy","date":1510578846,"amount":0.00911405,"price":5913.94000000}
{"tid":1479840,"type":"sell","date":1510578849,"amount":0.02032500,"price":5887.96910000}
{"tid":1479841,"type":"sell","date":1510578849,"amount":0.02720688,"price":5887.91020000}
{"tid":1479842,"type":"sell","date":1510578850,"amount":0.03168792,"price":5887.91020000}
{"tid":1479843,"type":"sell","date":1510579008,"amount":0.06660000,"price":5887.91020000}
{"tid":1479844,"type":"sell","date":1510579008,"amount":0.00479520,"price":5887.91020000}
{"tid":1479845,"type":"sell","date":1510579008,"amount":0.10900000,"price":5887.91010000}
{"tid":1479846,"type":"sell","date":1510579008,"amount":0.10654875,"price":5887.91000000}
{"tid":1479847,"type":"buy","date":1510579088,"amount":0.01366945,"price":5904.93750000}
{"tid":1479848,"type":"buy","date":1510579088,"amount":0.03380665,"price":5905.93750000}
{"tid":1479849,"type":"sell","date":1510579095,"amount":0.03187800,"price":5887.91030000}
{"tid":1479850,"type":"buy","date":1510579162,"amount":0.16898251,"price":5905.93640000}
{"tid":1479851,"type":"buy","date":1510579224,"amount":0.18589946,"price":5905.93430000}
{"tid":1479852,"type":"sell","date":1510579362,"amount":0.02350000,"price":5893.91200000}
{"tid":1479853,"type":"buy","date":1510579412,"amount":0.00058354,"price":5905.93430000}
{"tid":1479854,"type":"buy","date":1510579412,"amount":0.02000000,"price":5912.93960000}
{"tid":1479855,"type":"sell","date":1510579413,"amount":0.04781700,"price":5912.93970000}
{"tid":1479856,"type":"sell","date":1510579419,"amount":0.00559346,"price":5912.93970000}
{"tid":1479857,"type":"buy","date":1510579421,"amount":0.01368839,"price":5900.00000000}
{"tid":1479858,"type":"buy","date":1510579433,"amount":0.03378113,"price":5900.00000000}
{"tid":1479859,"type":"buy","date":1510579454,"amount":0.04685932,"price":5900.00000000}
{"tid":1479860,"type":"buy","date":1510579457,"amount":0.00007770,"price":5900.00000000}
{"tid":1479861,"type":"buy","date":1510579457,"amount":0.02000000,"price":5914.93990000}
{"tid":1479862,"type":"buy","date":1510579457,"amount":0.00169063,"price":5914.93990000}
{"tid":1479863,"type":"buy","date":1510579585,"amount":0.03116900,"price":5915.99990000}
{"tid":1479864,"type":"buy","date":1510579647,"amount":0.03830472,"price":5939.00000000}
{"tid":1479865,"type":"buy","date":1510579686,"amount":0.58153448,"price":5947.47590000}
{"tid":1479866,"type":"sell","date":1510579729,"amount":0.01999400,"price":5940.45990000}
{"tid":1479867,"type":"sell","date":1510579789,"amount":0.02000000,"price":5934.82030000}
{"tid":1479868,"type":"sell","date":1510579789,"amount":0.02000000,"price":5934.82030000}
{"tid":1479869,"type":"buy","date":1510579790,"amount":0.09706499,"price":5950.00000000}
{"tid":1479870,"type":"buy","date":1510579801,"amount":0.15302966,"price":5984.09990000}
{"tid":1479871,"type":"sell","date":1510579834,"amount":0.02000000,"price":5936.82080000}
{"tid":1479872,"type":"sell","date":1510579834,"amount":0.02000000,"price":5936.82080000}
{"tid":1479873,"type":"sell","date":1510579834,"amount":0.06000000,"price":5936.82070000}
{"tid":1479874,"type":"sell","date":1510579846,"amount":0.00316500,"price":5936.82070000}
{"tid":1479875,"type":"sell","date":1510579846,"amount":0.12200000,"price":5936.82060000}
{"tid":1479876,"type":"sell","date":1510579846,"amount":0.07483500,"price":5936.82050000}
{"tid":1479877,"type":"sell","date":1510579865,"amount":0.06315400,"price":5937.88030000}
{"tid":1479878,"type":"sell","date":1510579865,"amount":0.01508400,"price":5937.88010000}
{"tid":1479879,"type":"sell","date":1510579865,"amount":0.06176200,"price":5912.45120000}
{"tid":1479880,"type":"buy","date":1510579911,"amount":0.05000000,"price":5983.03970000}
{"tid":1479881,"type":"buy","date":1510579911,"amount":0.01482401,"price":5983.03970000}
{"tid":1479882,"type":"buy","date":1510579911,"amount":0.06316500,"price":5984.03970000}
{"tid":1479883,"type":"buy","date":1510579911,"amount":0.28900877,"price":5984.03980000}
{"tid":1479884,"type":"sell","date":1510579978,"amount":0.01871755,"price":5935.56000000}
{"tid":1479885,"type":"sell","date":1510580008,"amount":0.01673465,"price":5934.99020000}
{"tid":1479886,"type":"sell","date":1510580174,"amount":0.03382962,"price":5934.99020000}
{"tid":1479887,"type":"sell","date":1510580175,"amount":0.01262073,"price":5934.99020000}
{"tid":1479888,"type":"sell","date":1510580175,"amount":0.28400000,"price":5918.98710000}
{"tid":1479889,"type":"sell","date":1510580175,"amount":0.00327927,"price":5918.98700000}
{"tid":1479890,"type":"buy","date":1510580276,"amount":0.01093970,"price":5980.04900000}
{"tid":1479891,"type":"sell","date":1510580290,"amount":0.06336600,"price":5917.98620000}
{"tid":1479892,"type":"sell","date":1510580290,"amount":0.09566652,"price":5917.98600000}
{"tid":1479893,"type":"buy","date":1510580297,"amount":0.01717457,"price":5980.04900000}
{"tid":1479894,"type":"buy","date":1510580297,"amount":0.00890381,"price":5980.04900000}
{"tid":1479895,"type":"sell","date":1510580356,"amount":0.10000000,"price":5920.04600000}
{"tid":1479896,"type":"sell","date":1510580356,"amount":0.06095255,"price":5919.04600000}
{"tid":1479897,"type":"sell","date":1510580410,"amount":0.00240245,"price":5919.04600000}
{"tid":1479898,"type":"sell","date":1510580410,"amount":0.04649582,"price":5917.98600000}
{"tid":1479899,"type":"sell","date":1510580411,"amount":0.01049400,"price":5919.10520000}
{"tid":1479900,"type":"sell","date":1510580411,"amount":0.13312501,"price":5917.98600000}
{"tid":1479901,"type":"sell","date":1510580417,"amount":0.14361999,"price":5917.99000000}
{"tid":1479902,"type":"sell","date":1510580419,"amount":0.01832379,"price":5917.99000000}
{"tid":1479903,"type":"sell","date":1510580419,"amount":0.01424640,"price":5917.99000000}
{"tid":1479904,"type":"sell","date":1510580419,"amount":0.17291455,"price":5917.99000000}
{"tid":1479905,"type":"buy","date":1510580781,"amount":0.01210595,"price":5940.88000000}
{"tid":1479906,"type":"buy","date":1510580790,"amount":0.06992229,"price":5939.87940000}
{"tid":1479907,"type":"buy","date":1510580824,"amount":0.20355202,"price":5935.87820000}
{"tid":1479908,"type":"buy","date":1510580938,"amount":0.01996336,"price":5927.85960000}
{"tid":1479909,"type":"sell","date":1510581185,"amount":0.07647791,"price":5918.00000000}
{"tid":1479910,"type":"sell","date":1510581203,"amount":0.00797098,"price":5918.00000000}
{"tid":1479911,"type":"sell","date":1510581203,"amount":0.15106945,"price":5902.00160000}
{"tid":1479912,"type":"sell","date":1510581248,"amount":0.02581679,"price":5900.00020000}
{"tid":1479913,"type":"sell","date":1510581256,"amount":0.01485000,"price":5900.00020000}
{"tid":1479914,"type":"sell","date":1510581310,"amount":0.02289221,"price":5900.00020000}
{"tid":1479915,"type":"sell","date":1510581310,"amount":0.02218498,"price":5900.00000000}
{"tid":1479916,"type":"sell","date":1510581315,"amount":0.06355900,"price":5900.00020000}
{"tid":1479917,"type":"sell","date":1510581315,"amount":0.07569683,"price":5900.00000000}
{"tid":1479918,"type":"sell","date":1510581315,"amount":0.01412528,"price":5892.27310000}
{"tid":1479919,"type":"sell","date":1510581324,"amount":0.06364300,"price":5892.27330000}
{"tid":1479920,"type":"sell","date":1510581324,"amount":0.10555655,"price":5892.27310000}
{"tid":1479921,"type":"sell","date":1510581329,"amount":0.02441674,"price":5892.27310000}
{"tid":1479922,"type":"sell","date":1510581344,"amount":0.09900000,"price":5891.77310000}
{"tid":1479923,"type":"sell","date":1510581346,"amount":0.09900000,"price":5891.77310000}
{"tid":1479924,"type":"sell","date":1510581347,"amount":0.09900000,"price":5891.77310000}
{"tid":1479925,"type":"sell","date":1510581349,"amount":0.02154508,"price":5891.77310000}
{"tid":1479926,"type":"buy","date":1510581446,"amount":0.02000000,"price":5917.85570000}
{"tid":1479927,"type":"buy","date":1510581446,"amount":0.03333301,"price":5917.85610000}
{"tid":1479928,"type":"buy","date":1510581469,"amount":0.01677972,"price":5917.85610000}
{"tid":1479929,"type":"buy","date":1510581520,"amount":0.01075396,"price":5916.85560000}
{"tid":1479930,"type":"buy","date":1510581601,"amount":0.05000000,"price":5905.99930000}
{"tid":1479931,"type":"buy","date":1510581601,"amount":0.06364800,"price":5906.99930000}
{"tid":1479932,"type":"buy","date":1510581601,"amount":0.04568455,"price":5908.12400000}
{"tid":1479933,"type":"sell","date":1510581757,"amount":0.01000000,"price":5889.00020000}
{"tid":1479934,"type":"sell","date":1510581849,"amount":0.01000000,"price":5889.00020000}
{"tid":1479935,"type":"sell","date":1510581849,"amount":0.02716656,"price":5889.00010000}
{"tid":1479936,"type":"sell","date":1510581875,"amount":0.25383344,"price":5889.00010000}
{"tid":1479937,"type":"sell","date":1510581898,"amount":0.06367800,"price":5889.00030000}
{"tid":1479938,"type":"sell","date":1510581898,"amount":0.07732200,"price":5889.00010000}
{"tid":1479939,"type":"sell","date":1510581920,"amount":0.06367800,"price":5889.00030000}
{"tid":1479940,"type":"sell","date":1510581920,"amount":0.06367800,"price":5889.00010000}
{"tid":1479941,"type":"sell","date":1510581920,"amount":0.07264400,"price":5889.00000000}
{"tid":1479942,"type":"sell","date":1510581938,"amount":0.01031400,"price":5889.00020000}
{"tid":1479943,"type":"sell","date":1510581938,"amount":0.11704200,"price":5889.00000000}
{"tid":1479944,"type":"sell","date":1510581997,"amount":0.01031400,"price":5889.00000000}
{"tid":1479945,"type":"sell","date":1510581997,"amount":0.01449490,"price":5880.00010000}
{"tid":1479946,"type":"buy","date":1510582014,"amount":0.01014210,"price":5904.10180000}
{"tid":1479947,"type":"sell","date":1510582033,"amount":0.02000000,"price":5880.00020000}
{"tid":1479948,"type":"sell","date":1510582033,"amount":0.05550510,"price":5880.00010000}
{"tid":1479949,"type":"sell","date":1510582033,"amount":0.10032092,"price":5880.00000000}
{"tid":1479950,"type":"sell","date":1510582033,"amount":0.17084065,"price":5870.87930000}
{"tid":1479951,"type":"sell","date":1510582058,"amount":0.01000000,"price":5870.87950000}
{"tid":1479952,"type":"buy","date":1510582396,"amount":0.01586318,"price":5890.99780000}
{"tid":1479953,"type":"sell","date":1510582398,"amount":0.01000000,"price":5870.87970000}
{"tid":1479954,"type":"sell","date":1510582398,"amount":0.17171721,"price":5870.87960000}
{"tid":1479955,"type":"sell","date":1510582460,"amount":0.03779175,"price":5870.87960000}
{"tid":1479956,"type":"buy","date":1510582460,"amount":0.05000000,"price":5887.99610000}
{"tid":1479957,"type":"buy","date":1510582460,"amount":0.02935814,"price":5888.99610000}
{"tid":1479958,"type":"sell","date":1510582508,"amount":0.03400000,"price":5870.00000000}
{"tid":1479959,"type":"sell","date":1510582508,"amount":0.16077063,"price":5800.00010000}
{"tid":1479960,"type":"sell","date":1510582509,"amount":0.03922937,"price":5800.00010000}
{"tid":1479961,"type":"sell","date":1510582509,"amount":0.01920137,"price":5800.00000000}
{"tid":1479962,"type":"sell","date":1510582591,"amount":0.00202849,"price":5800.00000000}
{"tid":1479963,"type":"sell","date":1510582591,"amount":0.01086800,"price":5750.23040000}
{"tid":1479964,"type":"sell","date":1510582591,"amount":0.03710211,"price":5750.17290000}
{"tid":1479965,"type":"sell","date":1510582598,"amount":0.01289789,"price":5750.17290000}
{"tid":1479966,"type":"sell","date":1510582598,"amount":0.04716316,"price":5750.05770000}
{"tid":1479967,"type":"sell","date":1510582624,"amount":0.00472358,"price":5750.05770000}
{"tid":1479968,"type":"sell","date":1510582624,"amount":0.01790000,"price":5750.00000000}
{"tid":1479969,"type":"sell","date":1510582624,"amount":0.03769938,"price":5749.00000000}
{"tid":1479970,"type":"sell","date":1510582642,"amount":0.03333334,"price":5749.00000000}
{"tid":1479971,"type":"sell","date":1510582685,"amount":0.01549139,"price":5749.00000000}
{"tid":1479972,"type":"sell","date":1510582685,"amount":0.00007589,"price":5749.00000000}
{"tid":1479973,"type":"sell","date":1510582698,"amount":0.12282105,"price":5710.00000000}
{"tid":1479974,"type":"sell","date":1510582710,"amount":0.02717895,"price":5710.00000000}
{"tid":1479975,"type":"sell","date":1510582710,"amount":0.15982105,"price":5700.04000000}
{"tid":1479976,"type":"sell","date":1510582711,"amount":0.03053312,"price":5700.04000000}
{"tid":1479977,"type":"buy","date":1510582751,"amount":0.05000000,"price":5743.99700000}
{"tid":1479978,"type":"buy","date":1510582751,"amount":0.04127558,"price":5744.99700000}
{"tid":1479979,"type":"sell","date":1510582772,"amount":0.02181213,"price":5700.04020000}
{"tid":1479980,"type":"sell","date":1510582773,"amount":0.04233479,"price":5700.04020000}
{"tid":1479981,"type":"sell","date":1510582773,"amount":0.00164208,"price":5700.04020000}
{"tid":1479982,"type":"sell","date":1510582773,"amount":0.05393648,"price":5700.04000000}
{"tid":1479983,"type":"sell","date":1510582773,"amount":0.12700789,"price":5700.04000000}
{"tid":1479984,"type":"sell","date":1510582773,"amount":0.06000000,"price":5700.00000000}
{"tid":1479985,"type":"sell","date":1510582773,"amount":0.01431752,"price":5690.00000000}
{"tid":1479986,"type":"sell","date":1510582773,"amount":0.00915448,"price":5680.00010000}
{"tid":1479987,"type":"sell","date":1510582774,"amount":0.14537500,"price":5680.00010000}
{"tid":1479988,"type":"sell","date":1510582774,"amount":0.08379100,"price":5680.00010000}
{"tid":1479989,"type":"sell","date":1510582775,"amount":0.08411200,"price":5680.00010000}
{"tid":1479990,"type":"sell","date":1510582775,"amount":0.04778588,"price":5680.00010000}
{"tid":1479991,"type":"buy","date":1510582783,"amount":0.01851871,"price":5698.01980000}
{"tid":1479992,"type":"buy","date":1510582784,"amount":0.01509301,"price":5698.00000000}
{"tid":1479993,"type":"buy","date":1510582785,"amount":0.03148129,"price":5698.01980000}
{"tid":1479994,"type":"buy","date":1510582785,"amount":0.04123867,"price":5699.01980000}
{"tid":1479995,"type":"sell","date":1510582822,"amount":0.11452113,"price":5680.00000000}
{"tid":1479996,"type":"buy","date":1510582863,"amount":0.04241645,"price":5694.95980000}
{"tid":1479997,"type":"buy","date":1510582864,"amount":0.00758355,"price":5694.95980000}
{"tid":1479998,"type":"buy","date":1510582864,"amount":0.00520895,"price":5695.95980000}
{"tid":1479999,"type":"buy","date":1510582865,"amount":0.01064241,"price":5695.95980000}
{"tid":1480000,"type":"buy","date":1510582865,"amount":0.01032661,"price":5695.95980000}
{"tid":1480001,"type":"buy","date":1510582884,"amount":0.03976678,"price":5695.95980000}
{"tid":1480002,"type":"buy","date":1510582904,"amount":0.00007625,"price":5695.95980000}
{"tid":1480003,"type":"buy","date":1510582904,"amount":0.05000000,"price":5696.91000000}
{"tid":1480004,"type":"buy","date":1510582904,"amount":0.33536307,"price":5696.96000000}
{"tid":1480005,"type":"buy","date":1510582920,"amount":0.00153693,"price":5696.96000000}
{"tid":1480006,"type":"buy","date":1510582920,"amount":0.05430860,"price":5699.98980000}
{"tid":1480007,"type":"buy","date":1510582920,"amount":0.03842604,"price":5700.03980000}
{"tid":1480008,"type":"buy","date":1510582930,"amount":0.02759496,"price":5700.03980000}
{"tid":1480009,"type":"buy","date":1510582930,"amount":0.01792443,"price":5700.04000000}
{"tid":1480010,"type":"buy","date":1510582965,"amount":0.07245037,"price":5700.03980000}
{"tid":1480011,"type":"buy","date":1510582994,"amount":0.01941052,"price":5699.99990000}
{"tid":1480012,"type":"sell","date":1510583008,"amount":0.10000000,"price":5682.00040000}
{"tid":1480013,"type":"sell","date":1510583008,"amount":0.06601000,"price":5681.00040000}
{"tid":1480014,"type":"sell","date":1510583008,"amount":0.01970598,"price":5680.00030000}
{"tid":1480015,"type":"sell","date":1510583008,"amount":0.10000000,"price":5680.00020000}
{"tid":1480016,"type":"sell","date":1510583008,"amount":0.19462132,"price":5680.00000000}
{"tid":1480017,"type":"buy","date":1510583034,"amount":0.04990348,"price":5697.99940000}
{"tid":1480018,"type":"sell","date":1510583079,"amount":0.06602100,"price":5680.00020000}
{"tid":1480019,"type":"sell","date":1510583079,"amount":0.13397900,"price":5680.00000000}
{"tid":1480020,"type":"buy","date":1510583091,"amount":0.00009652,"price":5697.99940000}
{"tid":1480021,"type":"buy","date":1510583091,"amount":0.08189858,"price":5698.99940000}
{"tid":1480022,"type":"buy","date":1510583097,"amount":0.07872434,"price":5698.99940000}
{"tid":1480023,"type":"buy","date":1510583114,"amount":0.04823943,"price":5696.99920000}
{"tid":1480024,"type":"buy","date":1510583118,"amount":0.00176057,"price":5696.99920000}
{"tid":1480025,"type":"buy","date":1510583118,"amount":0.18856200,"price":5697.99920000}
{"tid":1480026,"type":"buy","date":1510583118,"amount":0.01500000,"price":5698.00000000}
{"tid":1480027,"type":"buy","date":1510583118,"amount":0.05169263,"price":5700.04000000}
{"tid":1480028,"type":"buy","date":1510583118,"amount":0.03134100,"price":5744.99720000}
{"tid":1480029,"type":"buy","date":1510583118,"amount":0.02000000,"price":5752.98370000}
{"tid":1480030,"type":"buy","date":1510583118,"amount":0.38659127,"price":5779.60670000}
{"tid":1480031,"type":"buy","date":1510583118,"amount":0.20000000,"price":5779.60680000}
{"tid":1480032,"type":"buy","date":1510583118,"amount":0.10505212,"price":5779.60680000}
{"tid":1480033,"type":"buy","date":1510583167,"amount":0.07678187,"price":5799.10850000}
{"tid":1480034,"type":"buy","date":1510583215,"amount":0.03155000,"price":5799.05050000}
{"tid":1480035,"type":"buy","date":1510583215,"amount":0.31274775,"price":5799.05050000}
{"tid":1480036,"type":"buy","date":1510583362,"amount":0.51629660,"price":5798.99240000}
{"tid":1480037,"type":"buy","date":1510583374,"amount":0.03223146,"price":5798.99240000}
{"tid":1480038,"type":"buy","date":1510583540,"amount":0.01611659,"price":5798.99210000}
{"tid":1480039,"type":"sell","date":1510583689,"amount":0.10000000,"price":5713.348}
{"tid":1480040,"type":"buy","date":1510583694,"amount":0.02000000,"price":5798.9401}
{"tid":1480041,"type":"buy","date":1510583694,"amount":0.01297823,"price":5798.9402}
{"tid":1480042,"type":"sell","date":1510583703,"amount":0.06563600,"price":5713.3483}
{"tid":1480043,"type":"sell","date":1510583703,"amount":0.12900000,"price":5713.3482}
{"tid":1480044,"type":"sell","date":1510583703,"amount":0.00536400,"price":5713.348}
{"tid":1480045,"type":"buy","date":1510583717,"amount":0.01105299,"price":5798.9388}
{"tid":1480046,"type":"buy","date":1510583728,"amount":0.01611779,"price":5797.9381}
{"tid":1480047,"type":"sell","date":1510583744,"amount":0.01745300,"price":5713.4053}
{"tid":1480048,"type":"sell","date":1510583744,"amount":0.06563600,"price":5713.3482}
{"tid":1480049,"type":"sell","date":1510583744,"amount":0.10609885,"price":5713.348}
{"tid":1480050,"type":"buy","date":1510583808,"amount":0.02000000,"price":5793.9361}
{"tid":1480051,"type":"buy","date":1510583808,"amount":0.05000000,"price":5793.9365}
{"tid":1480052,"type":"buy","date":1510583808,"amount":0.03172200,"price":5793.9944}
{"tid":1480053,"type":"buy","date":1510583808,"amount":0.01720122,"price":5794.9366}
{"tid":1480054,"type":"sell","date":1510583983,"amount":0.01000000,"price":5752.8572}
{"tid":1480055,"type":"sell","date":1510584055,"amount":0.01000000,"price":5752.9159}
{"tid":1480056,"type":"sell","date":1510584062,"amount":0.00502900,"price":5752.9159}
{"tid":1480057,"type":"sell","date":1510584062,"amount":0.00497100,"price":5752.8584}
{"tid":1480058,"type":"buy","date":1510584111,"amount":0.03702177,"price":5789.8261}
{"tid":1480059,"type":"buy","date":1510584111,"amount":0.07470517,"price":5789.8261}
{"tid":1480060,"type":"buy","date":1510584120,"amount":0.02907144,"price":5789.8261}
{"tid":1480061,"type":"buy","date":1510584120,"amount":0.13127200,"price":5790.8261}
{"tid":1480062,"type":"buy","date":1510584120,"amount":0.03284200,"price":5790.8842}
{"tid":1480063,"type":"buy","date":1510584120,"amount":0.03833424,"price":5798.9921}
{"tid":1480064,"type":"buy","date":1510584150,"amount":0.03798572,"price":5785.8581}
{"tid":1480065,"type":"buy","date":1510584152,"amount":0.12951428,"price":5785.8581}
{"tid":1480066,"type":"buy","date":1510584152,"amount":0.03282000,"price":5798.9341}
{"tid":1480067,"type":"buy","date":1510584152,"amount":0.02745849,"price":5798.9341}
{"tid":1480068,"type":"buy","date":1510584153,"amount":0.04779144,"price":5798.9341}
{"tid":1480069,"type":"buy","date":1510584153,"amount":0.14171083,"price":5798.9921}
{"tid":1480070,"type":"buy","date":1510584162,"amount":0.18950017,"price":5798.9921}
{"tid":1480071,"type":"buy","date":1510584177,"amount":0.03780829,"price":5798.9921}
{"tid":1480072,"type":"buy","date":1510584234,"amount":0.03262900,"price":5798.9341}
{"tid":1480073,"type":"buy","date":1510584234,"amount":0.04239547,"price":5798.9921}
{"tid":1480074,"type":"buy","date":1510584234,"amount":0.03170927,"price":5798.9921}
{"tid":1480075,"type":"buy","date":1510584234,"amount":0.00600783,"price":5834.0443}
{"tid":1480076,"type":"buy","date":1510584249,"amount":0.05604859,"price":5834.0444}
{"tid":1480077,"type":"buy","date":1510584304,"amount":0.00256599,"price":5833.9861}
{"tid":1480078,"type":"buy","date":1510584310,"amount":0.03003601,"price":5833.9861}
{"tid":1480079,"type":"buy","date":1510584310,"amount":0.02597854,"price":5834.0444}
{"tid":1480080,"type":"buy","date":1510584315,"amount":0.00890943,"price":5834.0444}
{"tid":1480081,"type":"buy","date":1510584315,"amount":0.01624316,"price":5834.0444}
{"tid":1480082,"type":"sell","date":1510584403,"amount":0.10000000,"price":5836.103}
{"tid":1480083,"type":"sell","date":1510584403,"amount":0.06426600,"price":5835.103}
{"tid":1480084,"type":"sell","date":1510584403,"amount":0.02161200,"price":5835.1028}
{"tid":1480085,"type":"sell","date":1510584403,"amount":0.20000000,"price":5835.0445}
{"tid":1480086,"type":"sell","date":1510584403,"amount":0.02515308,"price":5834.0444}
{"tid":1480087,"type":"sell","date":1510584403,"amount":0.08000000,"price":5833.853}
{"tid":1480088,"type":"sell","date":1510584403,"amount":0.20000000,"price":5789.0}
{"tid":1480089,"type":"sell","date":1510584403,"amount":0.30896851,"price":5754.3584}
{"tid":1480090,"type":"buy","date":1510584605,"amount":0.05000000,"price":5878.9388}
{"tid":1480091,"type":"buy","date":1510584605,"amount":0.10895181,"price":5879.9388}
{"tid":1480092,"type":"buy","date":1510584972,"amount":0.01593911,"price":5862.935}
{"tid":1480093,"type":"buy","date":1510585024,"amount":0.03189081,"price":5860.9347}
{"tid":1480094,"type":"buy","date":1510585193,"amount":0.01149287,"price":5854.9335}
{"tid":1480095,"type":"buy","date":1510585344,"amount":0.04685085,"price":5844.9312}
{"tid":1480096,"type":"sell","date":1510585362,"amount":0.06489000,"price":5779.0005}
{"tid":1480097,"type":"sell","date":1510585362,"amount":0.10511000,"price":5779.0004}
{"tid":1480098,"type":"buy","date":1510585430,"amount":0.04640980,"price":5839.9299}
{"tid":1480099,"type":"sell","date":1510585495,"amount":0.01726760,"price":5779.0005}
{"tid":1480100,"type":"sell","date":1510585495,"amount":0.06489000,"price":5779.0005}
{"tid":1480101,"type":"sell","date":1510585495,"amount":0.07500000,"price":5779.0004}
{"tid":1480102,"type":"sell","date":1510585495,"amount":0.00502266,"price":5779.0003}
{"tid":1480103,"type":"sell","date":1510585503,"amount":0.02621729,"price":5779.0005}
{"tid":1480104,"type":"buy","date":1510585665,"amount":0.01714504,"price":5820.9236}
{"tid":1480105,"type":"buy","date":1510585742,"amount":0.06097983,"price":5811.9215}
{"tid":1480106,"type":"buy","date":1510585744,"amount":0.05384917,"price":5811.9215}
{"tid":1480107,"type":"buy","date":1510585744,"amount":0.00713361,"price":5811.9215}
{"tid":1480108,"type":"buy","date":1510585750,"amount":0.05000000,"price":5810.9216}
{"tid":1480109,"type":"buy","date":1510585750,"amount":0.01098907,"price":5813.0466}
{"tid":1480110,"type":"buy","date":1510585799,"amount":0.06097963,"price":5812.1043}
{"tid":1480111,"type":"buy","date":1510585801,"amount":0.06097963,"price":5812.1043}
{"tid":1480112,"type":"buy","date":1510585853,"amount":0.02118101,"price":5808.1038}
{"tid":1480113,"type":"buy","date":1510585853,"amount":0.01543188,"price":5808.1038}
{"tid":1480114,"type":"buy","date":1510585930,"amount":0.01608284,"price":5811.1623}
{"tid":1480115,"type":"buy","date":1510585994,"amount":0.06091222,"price":5810.0}
{"tid":1480116,"type":"buy","date":1510585995,"amount":0.06091049,"price":5810.0}
{"tid":1480117,"type":"buy","date":1510585996,"amount":0.06091050,"price":5809.9999}
{"tid":1480118,"type":"sell","date":1510586040,"amount":0.03135208,"price":5809.0}
{"tid":1480119,"type":"sell","date":1510586071,"amount":0.02000000,"price":5809.0001}
{"tid":1480120,"type":"sell","date":1510586071,"amount":0.02000000,"price":5809.0001}
{"tid":1480121,"type":"sell","date":1510586071,"amount":0.00779316,"price":5809.0}
{"tid":1480122,"type":"sell","date":1510586124,"amount":0.04085476,"price":5809.0}
{"tid":1480123,"type":"sell","date":1510586241,"amount":0.10000000,"price":5787.0601}
{"tid":1480124,"type":"buy","date":1510586313,"amount":0.05000000,"price":5785.0999}
{"tid":1480125,"type":"buy","date":1510586313,"amount":0.04942450,"price":5785.0999}
{"tid":1480126,"type":"buy","date":1510586313,"amount":0.06962721,"price":5786.0999}
{"tid":1480127,"type":"buy","date":1510586476,"amount":0.01129348,"price":5805.9999}
{"tid":1480128,"type":"buy","date":1510586476,"amount":0.01792067,"price":5805.9999}
{"tid":1480129,"type":"buy","date":1510586476,"amount":0.06095246,"price":5805.9999}
{"tid":1480130,"type":"buy","date":1510586477,"amount":0.03657708,"price":5804.9999}
{"tid":1480131,"type":"buy","date":1510586536,"amount":0.01086649,"price":5804.9999}
{"tid":1480132,"type":"sell","date":1510586683,"amount":0.06452335,"price":5785.06}
{"tid":1480133,"type":"buy","date":1510586694,"amount":0.08826419,"price":5805.9996}
{"tid":1480134,"type":"buy","date":1510586694,"amount":0.02430416,"price":5805.9997}
{"tid":1480135,"type":"buy","date":1510586721,"amount":0.04021884,"price":5805.9997}
{"tid":1480136,"type":"buy","date":1510586721,"amount":0.14739407,"price":5806.0}
{"tid":1480137,"type":"buy","date":1510586746,"amount":0.03752152,"price":5806.0}
{"tid":1480138,"type":"buy","date":1510586761,"amount":0.18761453,"price":5806.0}
{"tid":1480139,"type":"buy","date":1510586763,"amount":0.11256803,"price":5806.0}
{"tid":1480140,"type":"buy","date":1510586764,"amount":0.05628315,"price":5806.0}
{"tid":1480141,"type":"buy","date":1510586773,"amount":0.01189505,"price":5806.0}
{"tid":1480142,"type":"buy","date":1510586829,"amount":0.07094040,"price":5806.0}
{"tid":1480143,"type":"buy","date":1510586830,"amount":0.07094385,"price":5806.0}
{"tid":1480144,"type":"buy","date":1510586832,"amount":0.07092834,"price":5806.0}
{"tid":1480145,"type":"buy","date":1510586975,"amount":0.02165967,"price":5806.0}
{"tid":1480146,"type":"buy","date":1510587072,"amount":0.02182569,"price":5806.0}
{"tid":1480147,"type":"buy","date":1510587119,"amount":0.04384257,"price":5806.0}
{"tid":1480148,"type":"buy","date":1510587492,"amount":0.04728384,"price":5806.0}
{"tid":1480149,"type":"sell","date":1510587646,"amount":0.01338000,"price":5792.032}
{"tid":1480150,"type":"buy","date":1510587752,"amount":0.00085945,"price":5805.9958}
{"tid":1480151,"type":"buy","date":1510587859,"amount":0.01252100,"price":5805.9914}
{"tid":1480152,"type":"buy","date":1510587859,"amount":0.02475887,"price":5805.9999}
{"tid":1480153,"type":"buy","date":1510587933,"amount":0.08088855,"price":5808.8999}
{"tid":1480154,"type":"buy","date":1510587933,"amount":0.01901220,"price":5808.8999}
{"tid":1480155,"type":"buy","date":1510587934,"amount":0.18917523,"price":5808.8999}
{"tid":1480156,"type":"buy","date":1510587934,"amount":0.01910516,"price":5808.8999}
{"tid":1480157,"type":"buy","date":1510587934,"amount":0.01947873,"price":5808.8999}
{"tid":1480158,"type":"buy","date":1510587934,"amount":0.01875914,"price":5808.8999}
{"tid":1480159,"type":"buy","date":1510587934,"amount":0.01682246,"price":5808.8999}
{"tid":1480160,"type":"buy","date":1510587934,"amount":0.01253421,"price":5808.8999}
{"tid":1480161,"type":"buy","date":1510587934,"amount":0.01902253,"price":5808.8999}
{"tid":1480162,"type":"buy","date":1510587934,"amount":0.09701994,"price":5808.8999}
{"tid":1480163,"type":"buy","date":1510587934,"amount":0.01901392,"price":5808.8999}
{"tid":1480164,"type":"buy","date":1510587935,"amount":0.01924288,"price":5808.8999}
{"tid":1480165,"type":"buy","date":1510587935,"amount":0.07192505,"price":5808.8999}
{"tid":1480166,"type":"buy","date":1510587935,"amount":0.11725111,"price":5808.9}
{"tid":1480167,"type":"buy","date":1510587935,"amount":0.03274755,"price":5808.9}
{"tid":1480168,"type":"buy","date":1510587937,"amount":0.18917197,"price":5809.0}
{"tid":1480169,"type":"buy","date":1510587937,"amount":0.01906696,"price":5809.0}
{"tid":1480170,"type":"buy","date":1510587937,"amount":0.01517472,"price":5809.0}
{"tid":1480171,"type":"buy","date":1510587937,"amount":0.01905147,"price":5809.0}
{"tid":1480172,"type":"buy","date":1510587938,"amount":0.18917197,"price":5809.0}
{"tid":1480173,"type":"buy","date":1510587939,"amount":0.02650196,"price":5809.0}
{"tid":1480174,"type":"buy","date":1510587947,"amount":0.00000619,"price":5809.0}
{"tid":1480175,"type":"buy","date":1510587947,"amount":0.01527416,"price":5811.1623}
{"tid":1480176,"type":"buy","date":1510587947,"amount":0.02217996,"price":5889.9998}
{"tid":1480177,"type":"sell","date":1510588118,"amount":0.02000000,"price":5823.0793}
{"tid":1480178,"type":"sell","date":1510588118,"amount":0.10000000,"price":5823.0792}
{"tid":1480179,"type":"sell","date":1510588118,"amount":0.08000000,"price":5822.08}
{"tid":1480180,"type":"buy","date":1510588177,"amount":0.03333334,"price":5877.9998}
{"tid":1480181,"type":"buy","date":1510588207,"amount":0.01116087,"price":5877.9998}
{"tid":1480182,"type":"buy","date":1510588275,"amount":0.00550579,"price":5877.9998}
{"tid":1480183,"type":"buy","date":1510588275,"amount":0.08000000,"price":5878.0584}
{"tid":1480184,"type":"buy","date":1510588275,"amount":0.10146037,"price":5878.0585}
{"tid":1480185,"type":"buy","date":1510588275,"amount":0.01788515,"price":5878.0585}
{"tid":1480186,"type":"buy","date":1510588275,"amount":0.01700544,"price":5878.1171}
{"tid":1480187,"type":"buy","date":1510588275,"amount":0.02073453,"price":5878.1171}
{"tid":1480188,"type":"buy","date":1510588275,"amount":0.01885637,"price":5878.1171}
{"tid":1480189,"type":"buy","date":1510588275,"amount":0.01840215,"price":5878.1172}
{"tid":1480190,"type":"buy","date":1510588276,"amount":0.01278470,"price":5878.1172}
{"tid":1480191,"type":"buy","date":1510588276,"amount":0.00000815,"price":5878.1172}
{"tid":1480192,"type":"buy","date":1510588276,"amount":0.18692804,"price":5879.0}
{"tid":1480193,"type":"buy","date":1510588276,"amount":0.01927198,"price":5879.0}
{"tid":1480194,"type":"buy","date":1510588276,"amount":0.01772240,"price":5879.0}
{"tid":1480195,"type":"buy","date":1510588276,"amount":0.02030617,"price":5879.0}
{"tid":1480196,"type":"buy","date":1510588277,"amount":0.02135397,"price":5879.0}
{"tid":1480197,"type":"buy","date":1510588478,"amount":0.01667800,"price":5879.0}